project_id,is_active,created_on,last_updated_on,project_name,project_number,project_value,begin_date,expected_end_date,opportunity_id,status_id,work_type_id
9155,TRUE,2023-06-26 17:01:20.442 +0530,2023-06-26 17:01:20.472 +0530,testing beta,17282,12983729,26-06-2023,26-06-2023,15,24,50
17116,TRUE,2023-06-28 19:18:52.676 +0530,2023-06-28 19:18:52.708 +0530,tech team,839823,23838,28-06-2023,28-07-2023,63,24,50
17130,TRUE,2023-07-06 17:55:49.106 +0530,2023-07-06 17:55:49.133 +0530,Learn,12317,100000,06-07-2023,06-07-2023,112,24,50
17118,TRUE,2023-06-29 14:58:08.908 +0530,2023-06-29 14:58:08.932 +0530,trteuw,93348,923092,05-06-2023,25-07-2023,70,24,50
17131,TRUE,2023-07-07 11:11:56.980 +0530,2023-07-07 11:11:57.017 +0530,jmeter,4839,83748,02-07-2023,30-07-2023,117,24,50
17120,TRUE,2023-07-02 22:42:45.695 +0530,2023-07-02 22:42:45.720 +0530,New one,2983,939,10-07-2023,31-07-2023,91,24,50
17121,TRUE,2023-07-03 11:57:34.176 +0530,2023-07-03 11:57:34.204 +0530,New Tech,3746,947758,03-07-2023,23-07-2023,94,24,50
17117,TRUE,2023-06-29 11:21:30.559 +0530,2023-07-03 13:53:09.278 +0530,java,28943,930202,29-06-2023,29-06-2023,66,24,50
17122,TRUE,2023-07-04 11:53:59.085 +0530,2023-07-04 11:53:59.114 +0530,jhidu,9384,84392,11-07-2023,31-07-2023,98,24,50
17119,TRUE,2023-07-02 21:49:55.801 +0530,2023-07-04 17:49:52.678 +0530,Demo123,98289,93949,11-07-2023,28-07-2023,75,24,50
17132,TRUE,2023-07-07 12:02:16.907 +0530,2023-07-07 12:02:16.938 +0530,Ui testing,6347,9393,07-07-2023,31-07-2023,116,24,50
17133,TRUE,2023-07-07 12:11:01.783 +0530,2023-07-07 12:11:01.811 +0530,yryeu,8475,485848,02-07-2023,26-07-2023,118,24,50
17144,TRUE,2023-07-13 09:39:18.883 +0530,2023-07-13 09:39:18.915 +0530,run,837473,89839203,02-07-2023,31-07-2023,146,24,50
17134,TRUE,2023-07-07 13:35:43.224 +0530,2023-07-07 13:48:13.051 +0530,python,938,38399,07-07-2023,31-07-2023,119,24,50
17135,TRUE,2023-07-07 15:59:49.622 +0530,2023-07-07 15:59:49.651 +0530,Learn,12313,100000,02-07-2023,31-07-2023,121,24,50
17123,TRUE,2023-07-05 09:55:51.960 +0530,2023-07-05 10:56:53.093 +0530,Tech,7632,8373822,25-07-2023,31-07-2023,102,24,50
17145,TRUE,2023-07-13 12:08:31.759 +0530,2023-07-13 12:08:31.788 +0530,Learn,457272293,100000,13-07-2023,13-07-2023,151,24,50
17124,TRUE,2023-07-05 13:27:55.219 +0530,2023-07-05 15:34:19.649 +0530,TECH,83929,839432,05-07-2023,29-07-2023,104,24,50
17125,TRUE,2023-07-05 16:03:52.738 +0530,2023-07-05 16:03:52.763 +0530,restapi,3939,783849,06-07-2023,21-07-2023,103,24,50
17126,TRUE,2023-07-05 23:28:37.423 +0530,2023-07-05 23:31:35.470 +0530,testing id,8229,92929,03-07-2023,31-07-2023,101,24,50
17127,TRUE,2023-07-06 11:43:31.145 +0530,2023-07-06 11:43:31.175 +0530,Tech,982,8394,06-07-2023,31-07-2023,107,24,50
17128,TRUE,2023-07-06 14:18:59.748 +0530,2023-07-06 14:18:59.773 +0530,cypress,6345,38474,03-07-2023,31-07-2023,110,24,50
17146,TRUE,2023-07-13 14:37:58.365 +0530,2023-07-13 14:37:58.391 +0530,testing anil,78392,93930,03-07-2023,31-07-2023,152,24,50
17136,TRUE,2023-07-10 00:59:03.450 +0530,2023-07-10 01:07:35.176 +0530,learn ,12456,83834,10-07-2023,31-07-2023,123,24,50
17137,TRUE,2023-07-10 02:07:46.531 +0530,2023-07-10 02:07:46.556 +0530,Learn,38922,100000,10-07-2023,10-07-2023,124,24,50
17138,TRUE,2023-07-10 11:06:38.524 +0530,2023-07-10 11:06:38.550 +0530,Learn,454566,100000,10-07-2023,10-07-2023,125,24,50
17129,TRUE,2023-07-06 15:51:03.554 +0530,2023-07-06 15:51:03.590 +0530,cyp,63453,9349,12-07-2023,18-07-2023,109,24,50
17139,TRUE,2023-07-11 10:09:03.007 +0530,2023-07-11 10:09:03.040 +0530,tech india,5555,839292,11-07-2023,31-07-2023,126,24,50
17156,TRUE,2023-07-21 17:07:14.669 +0530,2023-07-24 15:19:37.313 +0530,Tree,345663,3477834,02-07-2023,30-07-2023,218,24,50
17147,TRUE,2023-07-14 09:26:44.703 +0530,2023-07-14 09:26:44.732 +0530,testing,6778887,87653578,05-07-2023,13-07-2023,153,24,50
17148,TRUE,2023-07-14 10:22:18.068 +0530,2023-07-14 10:22:18.098 +0530,Learn,1068473766,100000,14-07-2023,14-07-2023,157,24,50
17151,TRUE,2023-07-17 12:46:17.476 +0530,2023-07-17 12:46:17.513 +0530,testing kairhos,783278,73839239,17-07-2023,31-07-2023,175,24,50
17143,TRUE,2023-07-12 11:48:11.703 +0530,2023-07-12 12:43:31.478 +0530,New,82829,8228929,11-07-2023,31-07-2023,132,24,50
17152,TRUE,2023-07-17 16:43:36.849 +0530,2023-07-17 16:43:36.907 +0530,Learn,1089290659,100000,17-07-2023,17-07-2023,181,24,50
17153,TRUE,2023-07-18 12:30:17.458 +0530,2023-07-18 12:30:17.494 +0530,New status,8383939,894938,18-07-2023,31-07-2023,184,24,50
17140,TRUE,2023-07-11 10:41:29.423 +0530,2023-07-12 14:09:30.153 +0530,JK,54444,92922929,11-07-2023,30-07-2023,127,24,50
17154,TRUE,2023-07-19 09:55:57.279 +0530,2023-07-19 09:55:57.319 +0530,testing,78828738,99939743,18-07-2023,30-07-2023,194,24,50
17155,TRUE,2023-07-20 15:51:58.218 +0530,2023-07-20 15:51:58.256 +0530,Learn,270825725,100000,20-07-2023,20-07-2023,206,24,50
17168,TRUE,2023-07-28 09:12:22.632 +0530,2023-07-28 09:12:22.662 +0530,security testing,87234567,84743929,02-07-2023,31-07-2023,260,24,50
17159,TRUE,2023-07-24 12:22:08.526 +0530,2023-07-24 15:37:12.788 +0530,Learn,1932438528,100000,24-07-2023,24-07-2023,222,24,50
17160,TRUE,2023-07-25 09:51:46.314 +0530,2023-07-25 09:51:46.346 +0530,Learn,1681938069,100000,25-07-2023,25-07-2023,227,24,50
17157,TRUE,2023-07-24 10:12:38.183 +0530,2023-07-24 10:12:38.215 +0530,yes bank,939397999,8383939,02-07-2023,31-07-2023,219,24,50
17158,TRUE,2023-07-24 11:19:56.857 +0530,2023-07-24 11:19:56.886 +0530,testing,7777656,67678,24-07-2023,31-07-2023,148,24,50
17161,TRUE,2023-07-26 13:51:33.565 +0530,2023-07-26 13:51:33.597 +0530,Testing,4545400,999990202,25-07-2023,31-07-2023,235,24,50
44,TRUE,2023-06-22 12:09:10.169 +0530,2023-07-26 14:26:57.080 +0530,Generic Product - Corporate Communications,97643,,,,,24,50
17162,TRUE,2023-07-27 09:50:10.169 +0530,2023-07-27 09:50:10.203 +0530,test,94756228,83839292,02-07-2023,31-07-2023,242,24,50
17149,TRUE,2023-07-14 14:28:02.116 +0530,2023-07-27 11:06:48.133 +0530,ProjName,121456,34562,19-07-2023,26-07-2023,,24,50
17142,TRUE,2023-07-11 15:17:21.227 +0530,2023-07-24 15:09:43.580 +0530,new,93939,83929249,03-07-2023,31-07-2023,129,24,50
17169,TRUE,2023-07-28 19:04:29.799 +0530,2023-07-28 19:04:29.835 +0530,NewIssue,29000,29000,18-07-2023,18-07-2023,164,24,50
17163,TRUE,2023-07-27 11:30:15.336 +0530,2023-07-27 11:30:15.367 +0530,Mind,19000,20900,26-07-2023,31-07-2023,164,24,50
17167,TRUE,2023-07-27 11:58:08.015 +0530,2023-07-27 11:58:08.045 +0530,project test,1234567890,838399,02-07-2023,01-07-2023,245,24,50
252,TRUE,2023-06-22 12:09:10.169 +0530,2023-06-22 12:09:10.170 +0530,ACS - DUS Int Station Opening Pass-through,99041,,,,,24,50
17178,TRUE,2023-07-31 09:53:08.841 +0530,2023-07-31 09:53:08.873 +0530,project test,55554443,839920,11-07-2023,11-07-2023,265,24,50
17179,TRUE,2023-08-01 09:49:11.708 +0530,2023-08-01 09:49:11.738 +0530,testing77,1289463,7832929,01-08-2023,31-08-2023,275,24,50
17180,TRUE,2023-08-01 13:55:05.463 +0530,2023-08-01 13:55:05.493 +0530,testing,839920,7387473,01-08-2023,29-08-2023,278,24,50
17181,TRUE,2023-08-02 09:40:03.473 +0530,2023-08-02 09:40:03.505 +0530,testing,8737820,8394849,01-08-2023,31-08-2023,283,24,50
17182,TRUE,2023-08-03 14:22:25.122 +0530,2023-08-03 14:22:25.155 +0530,Testing837,883399,444567,01-08-2023,30-08-2023,299,24,50
17141,TRUE,2023-07-11 10:55:12.058 +0530,2023-07-11 10:55:12.086 +0530,Testing,283838,289239,11-07-2023,31-07-2023,115,24,50
17150,TRUE,2023-07-14 14:32:38.374 +0530,2023-07-14 14:32:38.401 +0530,New ui,783272387,898232398,01-07-2023,31-07-2023,156,24,50
17177,TRUE,2023-07-28 19:42:55.085 +0530,2023-07-28 19:42:55.126 +0530,VendorCont,29001,290010,11-07-2023,25-07-2023,164,24,50
17166,TRUE,2023-07-27 11:40:00.957 +0530,2023-07-27 11:40:01.002 +0530,Tata Project,19010,200000,23-07-2023,31-07-2023,164,24,50
343,TRUE,2023-06-22 12:09:10.169 +0530,2023-06-23 13:47:12.698 +0530,TPF DRN,97736,,,,,24,50
3,TRUE,2023-06-22 12:09:10.169 +0530,2023-06-24 12:09:10.170 +0530,Generic Product - Cargo,97580,,,,,24,50
5,TRUE,2023-06-22 12:09:10.169 +0530,2023-07-10 11:56:12.811 +0530,AIR4 - Reimbursable Work,97714,,,,,24,50
4,TRUE,2023-06-22 12:09:10.169 +0530,2023-07-24 12:31:56.076 +0530,Zulu - Cargo,97579,,,,,24,50
1,TRUE,2023-06-22 12:09:10.169 +0530,2023-07-27 12:39:42.021 +0530,Generic Product - Mobile,97611,1234,20-06-2023,21-06-2023,,24,50
2,TRUE,2023-06-22 12:09:10.169 +0530,2023-07-27 12:40:22.520 +0530,Zulu - Mobile,97610,,,,,24,50
7,TRUE,2023-06-22 12:09:10.169 +0530,2023-07-27 12:53:46.261 +0530,Zulu - Bags,97575,,,,,24,50
140,TRUE,2023-06-22 12:09:10.169 +0530,2023-06-22 12:09:10.170 +0530,Seats,84061,,,,,24,50
6,TRUE,2023-06-22 12:09:10.169 +0530,2023-06-22 12:09:10.170 +0530,Generic Product - Bags,97576,,,,,24,50
8,TRUE,2023-06-22 12:09:10.169 +0530,2023-06-22 12:09:10.170 +0530,Zulu - Passenger Movement,97583,,,,,24,50
9,TRUE,2023-06-22 12:09:10.169 +0530,2023-06-22 12:09:10.170 +0530,Generic Product - Passenger Movement,97584,,,,,24,50
11,TRUE,2023-06-22 12:09:10.169 +0530,2023-06-22 12:09:10.170 +0530,Service Assurance,97779,,,,,24,50
12,TRUE,2023-06-22 12:09:10.169 +0530,2023-06-22 12:09:10.170 +0530,Channels Technology - Overhead Services,97614,,,,,24,50
13,TRUE,2023-06-22 12:09:10.169 +0530,2023-06-22 12:09:10.170 +0530,DC - Endeavor Chargeback,91898,,,,,24,50
14,TRUE,2023-06-22 12:09:10.169 +0530,2023-06-22 12:09:10.170 +0530,Business Operations,97773,,,,,24,50
344,TRUE,2023-06-22 12:09:10.169 +0530,2023-06-22 12:09:10.170 +0530,DRN Website Refresh Phase1,92804,,,,,24,50
15,TRUE,2023-06-22 12:09:10.169 +0530,2023-06-22 12:09:10.170 +0530,Generic Product - Digital Trip/Day of Travel,97444,,,,,24,50
16,TRUE,2023-06-22 12:09:10.169 +0530,2023-06-22 12:09:10.170 +0530,Enterprise Strategic - AIR4 - Virgin Atlantic,84989,,,,,24,50
17,TRUE,2023-06-22 12:09:10.169 +0530,2023-06-22 12:09:10.170 +0530,Generic Product - Payment,97568,,,,,24,50
18,TRUE,2023-06-22 12:09:10.169 +0530,2023-06-22 12:09:10.170 +0530,Generic Product - Customer Communications,97440,,,,,24,50
19,TRUE,2023-06-22 12:09:10.169 +0530,2023-06-22 12:09:10.170 +0530,Zulu - Digital Trip/Day of Travel,97443,,,,,24,50
20,TRUE,2023-06-22 12:09:10.169 +0530,2023-06-22 12:09:10.170 +0530,Support of Delta Vacation Experiences,97428,,,,,24,50
21,TRUE,2023-06-22 12:09:10.169 +0530,2023-06-22 12:09:10.170 +0530,Commercial,84046,,,,,24,50
22,TRUE,2023-06-22 12:09:10.169 +0530,2023-06-22 12:09:10.170 +0530,Delta Vacation Experiences,97425,,,,,24,50
23,TRUE,2023-06-22 12:09:10.169 +0530,2023-06-22 12:09:10.170 +0530,Product Development/Marketing,97427,,,,,24,50
24,TRUE,2023-06-22 12:09:10.169 +0530,2023-06-22 12:09:10.170 +0530,Generic Product - Digital Servicing,97600,,,,,24,50
25,TRUE,2023-06-22 12:09:10.169 +0530,2023-06-22 12:09:10.170 +0530,Customer Support,97606,,,,,24,50
26,TRUE,2023-06-22 12:09:10.169 +0530,2023-06-22 12:09:10.170 +0530,People Management,97604,,,,,24,50
27,TRUE,2023-06-22 12:09:10.169 +0530,2023-06-22 12:09:10.170 +0530,Generic Product - Digital Platform,97592,,,,,24,50
28,TRUE,2023-06-22 12:09:10.169 +0530,2023-06-22 12:09:10.170 +0530,"Generic Product - Digital Loyalty, Cobrand, and 3rd Party Partnerships",97588,,,,,24,50
29,TRUE,2023-06-22 12:09:10.169 +0530,2023-06-22 12:09:10.170 +0530,Generic Product - Digital Revenue,97596,,,,,24,50
30,TRUE,2023-06-22 12:09:10.169 +0530,2023-06-22 12:09:10.170 +0530,Zulu - Digital Servicing,97599,,,,,24,50
31,TRUE,2023-06-22 12:09:10.169 +0530,2023-06-22 12:09:10.170 +0530,Zulu - Digital Revenue,97595,,,,,24,50
32,TRUE,2023-06-22 12:09:10.169 +0530,2023-06-22 12:09:10.170 +0530,DLV â€“ Embedded eComm Team 11 Chargeback,94002,,,,,24,50
33,TRUE,2023-06-22 12:09:10.169 +0530,2023-06-22 12:09:10.170 +0530,DLV â€“ Modernize Chargeback 3,98263,,,,,24,50
34,TRUE,2023-06-22 12:09:10.169 +0530,2023-06-22 12:09:10.170 +0530,My Trips,84107,,,,,24,50
35,TRUE,2023-06-22 12:09:10.169 +0530,2023-06-22 12:09:10.170 +0530,IFE - Connected Cabin Pass-through,92861,,,,,24,50
36,TRUE,2023-06-22 12:09:10.169 +0530,2023-06-22 12:09:10.170 +0530,Enterprise Initiatives - Mobile,97608,,,,,24,50
37,TRUE,2023-06-22 12:09:10.169 +0530,2023-06-22 12:09:10.170 +0530,Zulu - Reservations Operations and Customer Engagement,97603,,,,,24,50
38,TRUE,2023-06-22 12:09:10.169 +0530,2023-06-22 12:09:10.170 +0530,AIR4 - Mobile,84984,,,,,24,50
40,TRUE,2023-06-22 12:09:10.169 +0530,2023-06-22 12:09:10.170 +0530,IT Risk - Reservations Operations and Customer Engagement,97602,,,,,24,50
41,TRUE,2023-06-22 12:09:10.169 +0530,2023-06-22 12:09:10.170 +0530,Customer and Specialist Communication,97605,,,,,24,50
42,TRUE,2023-06-22 12:09:10.169 +0530,2023-06-22 12:09:10.170 +0530,Generic Product - Global Corporate Sales,97432,,,,,24,50
43,TRUE,2023-06-22 12:09:10.169 +0530,2023-06-22 12:09:10.170 +0530,Zulu - Global Corporate Sales,97431,,,,,24,50
45,TRUE,2023-06-22 12:09:10.169 +0530,2023-06-22 12:09:10.170 +0530,Vulnerability Scanning & Remediation,98648,,,,,24,50
46,TRUE,2023-06-22 12:09:10.169 +0530,2023-06-22 12:09:10.170 +0530,Vulnerability Scanning and Remediation,95746,,,,,24,50
47,TRUE,2023-06-22 12:09:10.169 +0530,2023-06-22 12:09:10.170 +0530,Generic Product - Enterprise Resource Planning (ERP),97647,,,,,24,50
48,TRUE,2023-06-22 12:09:10.169 +0530,2023-06-22 12:09:10.170 +0530,HR SAP,89064,,,,,24,50
49,TRUE,2023-06-22 12:09:10.169 +0530,2023-06-22 12:09:10.170 +0530,DMS - Fixing issues on SAP ECC & EWM Chargeback,94005,,,,,24,50
50,TRUE,2023-06-22 12:09:10.169 +0530,2023-06-22 12:09:10.170 +0530,MLP WCT TechOps 2023 Chargeback,98897,,,,,24,50
51,TRUE,2023-06-22 12:09:10.169 +0530,2023-06-22 12:09:10.170 +0530,Generic Product - HR,97651,,,,,24,50
52,TRUE,2023-06-22 12:09:10.169 +0530,2023-06-22 12:09:10.170 +0530,Zulu - HR,97650,,,,,24,50
53,TRUE,2023-06-22 12:09:10.169 +0530,2023-06-22 12:09:10.170 +0530,DMS- TOC MLP DMS/SAP Support Chargeback,95227,,,,,24,50
54,TRUE,2023-06-22 12:09:10.169 +0530,2023-06-22 12:09:10.170 +0530,TPF Check In,98188,,,,,24,50
55,TRUE,2023-06-22 12:09:10.169 +0530,2023-06-22 12:09:10.170 +0530,TPF Baggage,98187,,,,,24,50
56,TRUE,2023-06-22 12:09:10.169 +0530,2023-06-22 12:09:10.170 +0530,TPF Passenger Security,98191,,,,,24,50
57,TRUE,2023-06-22 12:09:10.169 +0530,2023-06-22 12:09:10.170 +0530,Crew Scheduling and Tracking,99001,,,,,24,50
58,TRUE,2023-06-22 12:09:10.169 +0530,2023-06-22 12:09:10.170 +0530,Generic Product - Crew,97628,,,,,24,50
59,TRUE,2023-06-22 12:09:10.169 +0530,2023-06-22 12:09:10.170 +0530,Zulu - Crew,97627,,,,,24,50
60,TRUE,2023-06-22 12:09:10.169 +0530,2023-06-22 12:09:10.170 +0530,Crew & Digital Experience,98999,,,,,24,50
61,TRUE,2023-06-22 12:09:10.169 +0530,2023-06-22 12:09:10.170 +0530,Enterprise Initiatives - Crew,97625,,,,,24,50
62,TRUE,2023-06-22 12:09:10.169 +0530,2023-06-22 12:09:10.170 +0530,Crew Resourcing,98997,,,,,24,50
63,TRUE,2023-06-22 12:09:10.169 +0530,2023-06-22 12:09:10.170 +0530,Generic Product - Onboard Service,97636,,,,,24,50
64,TRUE,2023-06-22 12:09:10.169 +0530,2023-06-22 12:09:10.170 +0530,"Catering Planning, Scheduling and Forecasting",99003,,,,,24,50
65,TRUE,2023-06-22 12:09:10.169 +0530,2023-06-22 12:09:10.170 +0530,Zulu - Flight Operations,97631,,,,,24,50
66,TRUE,2023-06-22 12:09:10.169 +0530,2023-06-22 12:09:10.170 +0530,Generic Product - Flight Operations,97632,,,,,24,50
67,TRUE,2023-06-22 12:09:10.169 +0530,2023-06-22 12:09:10.170 +0530,Weight and Balance,98985,,,,,24,50
68,TRUE,2023-06-22 12:09:10.169 +0530,2023-06-22 12:09:10.170 +0530,Monitor Flight,98987,,,,,24,50
69,TRUE,2023-06-22 12:09:10.169 +0530,2023-06-22 12:09:10.170 +0530,Weather,98989,,,,,24,50
139,TRUE,2023-06-22 12:09:10.169 +0530,2023-06-22 12:09:10.170 +0530,RES Enablement,97426,,,,,24,50
70,TRUE,2023-06-22 12:09:10.169 +0530,2023-06-22 12:09:10.170 +0530,FOPR - Delta Connections (Republic & Skywest),98995,,,,,24,50
71,TRUE,2023-06-22 12:09:10.169 +0530,2023-06-22 12:09:10.170 +0530,"Ops, Comm & Reporting",98991,,,,,24,50
72,TRUE,2023-06-22 12:09:10.169 +0530,2023-06-22 12:09:10.170 +0530,Flight Plan,98983,,,,,24,50
73,TRUE,2023-06-22 12:09:10.169 +0530,2023-06-22 12:09:10.170 +0530,IT Risk - Flight Operations,97630,,,,,24,50
74,TRUE,2023-06-22 12:09:10.169 +0530,2023-06-22 12:09:10.170 +0530,Engineering,97618,,,,,24,50
75,TRUE,2023-06-22 12:09:10.169 +0530,2023-06-22 12:09:10.170 +0530,IT Risk - TechOps,97616,,,,,24,50
76,TRUE,2023-06-22 12:09:10.169 +0530,2023-06-22 12:09:10.170 +0530,Zulu - TechOps,97617,,,,,24,50
77,TRUE,2023-06-22 12:09:10.169 +0530,2023-06-22 12:09:10.170 +0530,Aircraft Maintenance,97619,,,,,24,50
78,TRUE,2023-06-22 12:09:10.169 +0530,2023-06-22 12:09:10.170 +0530,DTSG - Delta TechOps Service Group,97621,,,,,24,50
79,TRUE,2023-06-22 12:09:10.169 +0530,2023-06-22 12:09:10.170 +0530,CWP - Network Services Data Center,68737,,,,,24,53
80,TRUE,2023-06-22 12:09:10.169 +0530,2023-06-22 12:09:10.170 +0530,Data Center,97783,,,,,24,50
81,TRUE,2023-06-22 12:09:10.169 +0530,2023-06-22 12:09:10.170 +0530,Data Center Appliance Upgrade,92862,,,,,24,50
82,TRUE,2023-06-22 12:09:10.169 +0530,2023-06-22 12:09:10.170 +0530,Foundations and Migration,89155,,,,,24,50
83,TRUE,2023-06-22 12:09:10.169 +0530,2023-06-22 12:09:10.170 +0530,IT - Mainframe,90792,,,,,24,50
84,TRUE,2023-06-22 12:09:10.169 +0530,2023-06-22 12:09:10.170 +0530,"ATL Campus, Techops",97755,,,,,24,50
85,TRUE,2023-06-22 12:09:10.169 +0530,2023-06-22 12:09:10.170 +0530,"BOS, JFK, LGA, Northeast",97757,,,,,24,50
86,TRUE,2023-06-22 12:09:10.169 +0530,2023-06-22 12:09:10.170 +0530,IT - 2021 WIN10,89999,,,,,24,50
87,TRUE,2023-06-22 12:09:10.169 +0530,2023-06-22 12:09:10.170 +0530,CWP - MSP Repair and Logistics Center,68881,,,,,24,53
88,TRUE,2023-06-22 12:09:10.169 +0530,2023-06-22 12:09:10.170 +0530,"MSP Repair Logistics Center, and Campus",97765,,,,,24,50
89,TRUE,2023-06-22 12:09:10.169 +0530,2023-06-22 12:09:10.170 +0530,CWP - Service Quality Monitoring & Automation,68725,,,,,24,53
90,TRUE,2023-06-22 12:09:10.169 +0530,2023-06-22 12:09:10.170 +0530,Data Center Consolidation,89161,,,,,24,50
91,TRUE,2023-06-22 12:09:10.169 +0530,2023-06-22 12:09:10.170 +0530,PaaS (ROSA),97787,,,,,24,50
39,FALSE,2023-06-22 12:09:10.169 +0530,2023-06-22 12:09:10.170 +0530,Native iOS / Android,84076,,,,,24,50
92,TRUE,2023-06-22 12:09:10.169 +0530,2023-06-22 12:09:10.170 +0530,I&R End User Services,98204,,,,,24,50
93,TRUE,2023-06-22 12:09:10.169 +0530,2023-06-22 12:09:10.170 +0530,Application Modernization,89153,,,,,24,50
94,TRUE,2023-06-22 12:09:10.169 +0530,2023-06-22 12:09:10.170 +0530,Cloud Native Accounts,97786,,,,,24,50
95,TRUE,2023-06-22 12:09:10.169 +0530,2023-06-22 12:09:10.170 +0530,Channels Technology - Shared Services Bucket,97612,,,,,24,50
96,TRUE,2023-06-22 12:09:10.169 +0530,2023-06-22 12:09:10.170 +0530,Corporate Technology - Shared Services Bukcet,97656,,,,,24,50
97,TRUE,2023-06-22 12:09:10.169 +0530,2023-06-22 12:09:10.170 +0530,IT -Middleware & Web Engineering,96465,,,,,24,50
98,TRUE,2023-06-22 12:09:10.169 +0530,2023-06-22 12:09:10.170 +0530,On-Prem Compute and Storage,97791,,,,,24,50
99,TRUE,2023-06-22 12:09:10.169 +0530,2023-06-22 12:09:10.170 +0530,CWP - Virtualization and Server Platform,68748,,,,,24,53
100,TRUE,2023-06-22 12:09:10.169 +0530,2023-06-22 12:09:10.170 +0530,ITSM,97772,,,,,24,50
101,TRUE,2023-06-22 12:09:10.169 +0530,2023-06-22 12:09:10.170 +0530,ODE - Flight Ops,98993,,,,,24,50
102,TRUE,2023-06-22 12:09:10.169 +0530,2023-06-22 12:09:10.170 +0530,Generic Product - Reference Data,97706,,,,,24,50
103,TRUE,2023-06-22 12:09:10.169 +0530,2023-06-22 12:09:10.170 +0530,Zulu - Reference Data,97705,,,,,24,50
104,TRUE,2023-06-22 12:09:10.169 +0530,2023-06-22 12:09:10.170 +0530,Enterprise Performance & Quality services,97753,,,,,24,50
105,TRUE,2023-06-22 12:09:10.169 +0530,2023-06-22 12:09:10.170 +0530,Operations Technology - Shared Services Bucket,97637,,,,,24,50
106,TRUE,2023-06-22 12:09:10.169 +0530,2023-06-22 12:09:10.170 +0530,Delta Innovation - The Hangar - Chargeback,99370,,,,,24,50
107,TRUE,2023-06-22 12:09:10.169 +0530,2023-06-22 12:09:10.170 +0530,IT - Patch Factory: Pre-Post App Validation Automation,92899,,,,,24,50
108,TRUE,2023-06-22 12:09:10.169 +0530,2023-06-22 12:09:10.170 +0530,IT Enterprise - Shared Services Bucket,97799,,,,,24,50
109,TRUE,2023-06-22 12:09:10.169 +0530,2023-06-22 12:09:10.170 +0530,Operate Flight,98981,,,,,24,50
110,TRUE,2023-06-22 12:09:10.169 +0530,2023-06-22 12:09:10.170 +0530,IT TPF App Modernization,89842,,,,,24,50
111,TRUE,2023-06-22 12:09:10.169 +0530,2023-06-22 12:09:10.170 +0530,TPF Development & Production System Support,97735,,,,,24,50
112,TRUE,2023-06-22 12:09:10.169 +0530,2023-06-22 12:09:10.170 +0530,IT Communications,97721,,,,,24,50
113,TRUE,2023-06-22 12:09:10.169 +0530,2023-06-22 12:09:10.170 +0530,Generic Product - Customer,97694,,,,,24,50
114,TRUE,2023-06-22 12:09:10.169 +0530,2023-06-22 12:09:10.170 +0530,Generic Product - Enterprise Data Services,97698,,,,,24,50
115,TRUE,2023-06-22 12:09:10.169 +0530,2023-06-22 12:09:10.170 +0530,Data Tools,89109,,,,,24,50
116,TRUE,2023-06-22 12:09:10.169 +0530,2023-06-22 12:09:10.170 +0530,Generic Product - Loyalty,97702,,,,,24,50
117,TRUE,2023-06-22 12:09:10.169 +0530,2023-06-22 12:09:10.170 +0530,Zulu - Loyalty,97701,,,,,24,50
118,TRUE,2023-06-22 12:09:10.169 +0530,2023-06-22 12:09:10.170 +0530,Generic Product - Revenue Accounting,97690,,,,,24,50
119,TRUE,2023-06-22 12:09:10.169 +0530,2023-06-22 12:09:10.170 +0530,IT Risk - Revenue Accounting,97688,,,,,24,50
120,TRUE,2023-06-22 12:09:10.169 +0530,2023-06-22 12:09:10.170 +0530,Zulu - Revenue Accounting,97689,,,,,24,50
121,TRUE,2023-06-22 12:09:10.169 +0530,2023-06-22 12:09:10.170 +0530,Generic Product - Financial Document Management,97686,,,,,24,50
122,TRUE,2023-06-22 12:09:10.169 +0530,2023-06-22 12:09:10.170 +0530,Zulu - Product Manufacturing,97669,,,,,24,50
123,TRUE,2023-06-22 12:09:10.169 +0530,2023-06-22 12:09:10.170 +0530,Generic Product - Scheduling,97674,,,,,24,50
124,TRUE,2023-06-22 12:09:10.169 +0530,2023-06-22 12:09:10.170 +0530,Generic Product - Service Recovery (Rebooking+),97678,,,,,24,50
125,TRUE,2023-06-22 12:09:10.169 +0530,2023-06-22 12:09:10.170 +0530,IT Risk - Financial Document Management,97684,,,,,24,50
126,TRUE,2023-06-22 12:09:10.169 +0530,2023-06-22 12:09:10.170 +0530,Zulu - Financial Document Management,97685,,,,,24,50
127,TRUE,2023-06-22 12:09:10.169 +0530,2023-06-22 12:09:10.170 +0530,CWP - EQS RM and Loyalty,85095,,,,,24,53
128,TRUE,2023-06-22 12:09:10.169 +0530,2023-06-22 12:09:10.170 +0530,Generic Product - Trip Servicing,97682,,,,,24,50
129,TRUE,2023-06-22 12:09:10.169 +0530,2023-06-22 12:09:10.170 +0530,Zulu - Retail Platform,97661,,,,,24,50
130,TRUE,2023-06-22 12:09:10.169 +0530,2023-06-22 12:09:10.170 +0530,Generic Product - Inventory (Flight),97666,,,,,24,50
131,TRUE,2023-06-22 12:09:10.169 +0530,2023-06-22 12:09:10.170 +0530,Generic Product - Product Manufacturing,97670,,,,,24,50
132,TRUE,2023-06-22 12:09:10.169 +0530,2023-06-22 12:09:10.170 +0530,Zulu - Service Recovery (Rebooking+),97677,,,,,24,50
133,TRUE,2023-06-22 12:09:10.169 +0530,2023-06-22 12:09:10.170 +0530,Zulu - Airport Operations,97571,,,,,24,50
134,TRUE,2023-06-22 12:09:10.169 +0530,2023-06-22 12:09:10.170 +0530,Generic Product - Airport Operations,97572,,,,,24,50
135,TRUE,2023-06-22 12:09:10.169 +0530,2023-06-22 12:09:10.170 +0530,Generic Product - AI & Automation,97436,,,,,24,50
136,TRUE,2023-06-22 12:09:10.169 +0530,2023-06-22 12:09:10.170 +0530,ACS - Learning Mgmt Compliance Dashboards and Reports Chargeback,96312,,,,,24,50
137,TRUE,2023-06-22 12:09:10.169 +0530,2023-06-22 12:09:10.170 +0530,Check-In / API,84054,,,,,24,50
138,TRUE,2023-06-22 12:09:10.169 +0530,2023-06-22 12:09:10.170 +0530,Zulu - Payment,97567,,,,,24,50
141,TRUE,2023-06-22 12:09:10.169 +0530,2023-06-22 12:09:10.170 +0530,MKT - Digital eCommerce IT Resources Chargeback,92261,,,,,24,50
142,TRUE,2023-06-22 12:09:10.169 +0530,2023-06-22 12:09:10.170 +0530,IT Risk - Mobile,97609,,,,,24,50
143,TRUE,2023-06-22 12:09:10.169 +0530,2023-06-22 12:09:10.170 +0530,Voice and Customer Channels,84095,,,,,24,50
144,TRUE,2023-06-22 12:09:10.169 +0530,2023-06-22 12:09:10.170 +0530,DMS/TOC-Salesforce Development Chargeback,94509,,,,,24,50
145,TRUE,2023-06-22 12:09:10.169 +0530,2023-06-22 12:09:10.170 +0530,F&L Catering,84382,,,,,24,50
146,TRUE,2023-06-22 12:09:10.169 +0530,2023-06-22 12:09:10.170 +0530,Corporate & Commercial,89037,,,,,24,50
147,TRUE,2023-06-22 12:09:10.169 +0530,2023-06-22 12:09:10.170 +0530,Generic Product - Data Science Toolkit,98214,,,,,24,50
148,TRUE,2023-06-22 12:09:10.169 +0530,2023-06-22 12:09:10.170 +0530,Catering Operations,99005,,,,,24,50
149,TRUE,2023-06-22 12:09:10.169 +0530,2023-06-22 12:09:10.170 +0530,Fleet Database 2022 Chargeback,94032,,,,,24,50
150,TRUE,2023-06-22 12:09:10.169 +0530,2023-06-22 12:09:10.170 +0530,Fleet Database 2023 Chargeback (Phase 2 & 3),98620,,,,,24,50
151,TRUE,2023-06-22 12:09:10.169 +0530,2023-06-22 12:09:10.170 +0530,Materials and Logistics,97620,,,,,24,50
152,TRUE,2023-06-22 12:09:10.169 +0530,2023-06-22 12:09:10.170 +0530,Routing & Maintenance Planning,97623,,,,,24,50
153,TRUE,2023-06-22 12:09:10.169 +0530,2023-06-22 12:09:10.170 +0530,Mainframe,97624,,,,,24,50
154,TRUE,2023-06-22 12:09:10.169 +0530,2023-06-22 12:09:10.170 +0530,HAL Exit TechOps 2023 Chargeback,98899,,,,,24,50
155,TRUE,2023-06-22 12:09:10.169 +0530,2023-06-22 12:09:10.170 +0530,Collaboration,97784,,,,,24,50
156,TRUE,2023-06-22 12:09:10.169 +0530,2023-06-22 12:09:10.170 +0530,CWP - Network Service LAN/WAN,68740,,,,,24,53
157,TRUE,2023-06-22 12:09:10.169 +0530,2023-06-22 12:09:10.170 +0530,Airport and Campus,97782,,,,,24,50
158,TRUE,2023-06-22 12:09:10.169 +0530,2023-06-22 12:09:10.170 +0530,IT Operations,97778,,,,,24,50
159,TRUE,2023-06-22 12:09:10.169 +0530,2023-06-22 12:09:10.170 +0530,CWP - Crisis and Major Incident Management,68729,,,,,24,53
160,TRUE,2023-06-22 12:09:10.169 +0530,2023-06-22 12:09:10.170 +0530,CWP - APM/CMDB,88764,,,,,24,53
161,TRUE,2023-06-22 12:09:10.169 +0530,2023-06-22 12:09:10.170 +0530,CWP - Database Administration,68744,,,,,24,53
162,TRUE,2023-06-22 12:09:10.169 +0530,2023-06-22 12:09:10.170 +0530,Enterprise Patching Factory,92904,,,,,24,50
163,TRUE,2023-06-22 12:09:10.169 +0530,2023-06-22 12:09:10.170 +0530,CWP - Client & Mobile Engineering,68741,,,,,24,53
164,TRUE,2023-06-22 12:09:10.169 +0530,2023-06-22 12:09:10.170 +0530,Privileged Access Management,97728,,,,,24,50
165,TRUE,2023-06-22 12:09:10.169 +0530,2023-06-22 12:09:10.170 +0530,CWP - IAM - Identity Services,68719,,,,,24,53
166,TRUE,2023-06-22 12:09:10.169 +0530,2023-06-22 12:09:10.170 +0530,Quality Automation,97746,,,,,24,50
167,TRUE,2023-06-22 12:09:10.169 +0530,2023-06-22 12:09:10.170 +0530,"Revenue, Loyalty & Data Analytics - Shared Services Bucket",97707,,,,,24,50
168,TRUE,2023-06-22 12:09:10.169 +0530,2023-06-22 12:09:10.170 +0530,Operations Technology - Shared Services APC,84415,,,,,24,50
169,TRUE,2023-06-22 12:09:10.169 +0530,2023-06-22 12:09:10.170 +0530,CWP - PDTools DevOps,79952,,,,,24,53
170,TRUE,2023-06-22 12:09:10.169 +0530,2023-06-22 12:09:10.170 +0530,IT Business Management Office,97724,,,,,24,50
171,TRUE,2023-06-22 12:09:10.169 +0530,2023-06-22 12:09:10.170 +0530,SkyMiles Program Management,84343,,,,,24,50
172,TRUE,2023-06-22 12:09:10.169 +0530,2023-06-22 12:09:10.170 +0530,Availability,84361,,,,,24,50
173,TRUE,2023-06-22 12:09:10.169 +0530,2023-06-22 12:09:10.170 +0530,Inventory Allocation Management,98961,,,,,24,50
174,TRUE,2023-06-22 12:09:10.169 +0530,2023-06-22 12:09:10.170 +0530,Policy Management & Governance,98963,,,,,24,50
175,TRUE,2023-06-22 12:09:10.169 +0530,2023-06-22 12:09:10.170 +0530,Flight Availability Management,98965,,,,,24,50
176,TRUE,2023-06-22 12:09:10.169 +0530,2023-06-22 12:09:10.170 +0530,Inventory Feeds,98967,,,,,24,50
177,TRUE,2023-06-22 12:09:10.169 +0530,2023-06-22 12:09:10.170 +0530,Loyalty Partnerships,84340,,,,,24,50
178,TRUE,2023-06-22 12:09:10.169 +0530,2023-06-22 12:09:10.170 +0530,Cargo,84032,,,,,24,50
179,TRUE,2023-06-22 12:09:10.169 +0530,2023-06-22 12:09:10.170 +0530,Zulu - Customer Communications,97439,,,,,24,50
180,TRUE,2023-06-22 12:09:10.169 +0530,2023-06-22 12:09:10.170 +0530,Delta Flight Museum - Digital Asset Manager - Chargeback,99368,,,,,24,50
181,TRUE,2023-06-22 12:09:10.169 +0530,2023-06-22 12:09:10.170 +0530,TPF OSS,98190,,,,,24,50
182,TRUE,2023-06-22 12:09:10.169 +0530,2023-06-22 12:09:10.170 +0530,Zulu - TPF Operations,98186,,,,,24,50
183,TRUE,2023-06-22 12:09:10.169 +0530,2023-06-22 12:09:10.170 +0530,Zulu - Onboard Service,97635,,,,,24,50
184,TRUE,2023-06-22 12:09:10.169 +0530,2023-06-22 12:09:10.170 +0530,Authentication & Authorization,97726,,,,,24,50
185,TRUE,2023-06-22 12:09:10.169 +0530,2023-06-22 12:09:10.170 +0530,Enterprise Initiatives - Identity and Access Management,97725,,,,,24,50
186,TRUE,2023-06-22 12:09:10.169 +0530,2023-06-22 12:09:10.170 +0530,CWP - Info Sec (DTH) Identity and PAM,94177,,,,,24,53
187,TRUE,2023-06-22 12:09:10.169 +0530,2023-06-22 12:09:10.170 +0530,Cyber Monitoring and Assurance Team,97731,,,,,24,50
188,TRUE,2023-06-22 12:09:10.169 +0530,2023-06-22 12:09:10.170 +0530,CWP - Vulnerability Management and Data Protection,71636,,,,,24,53
189,TRUE,2023-06-22 12:09:10.169 +0530,2023-06-22 12:09:10.170 +0530,"Zulu - Safety, Security, and Compliance",97654,,,,,24,50
190,TRUE,2023-06-22 12:09:10.169 +0530,2023-06-22 12:09:10.170 +0530,API Management,97745,,,,,24,50
191,TRUE,2023-06-22 12:09:10.169 +0530,2023-06-22 12:09:10.170 +0530,Zulu - Inventory (Flight),97665,,,,,24,50
192,TRUE,2023-06-22 12:09:10.169 +0530,2023-06-22 12:09:10.170 +0530,Cloud Center of Excellence,89159,,,,,24,50
193,TRUE,2023-06-22 12:09:10.169 +0530,2023-06-22 12:09:10.170 +0530,Cloud Architecture,97750,,,,,24,50
194,TRUE,2023-06-22 12:09:10.169 +0530,2023-06-22 12:09:10.170 +0530,Developer Tools and Templates,97742,,,,,24,50
195,TRUE,2023-06-22 12:09:10.169 +0530,2023-06-22 12:09:10.170 +0530,CWP - EQS Enterprise Quality Services,68808,,,,,24,53
196,TRUE,2023-06-22 12:09:10.169 +0530,2023-06-22 12:09:10.170 +0530,International Technology - Shared Services Bucket,97716,,,,,24,50
197,TRUE,2023-06-22 12:09:10.169 +0530,2023-06-22 12:09:10.170 +0530,TPF Data Services,97734,,,,,24,50
198,TRUE,2023-06-22 12:09:10.169 +0530,2023-06-22 12:09:10.170 +0530,CWP - CTT - Data Services,68862,,,,,24,53
199,TRUE,2023-06-22 12:09:10.169 +0530,2023-06-22 12:09:10.170 +0530,Air4 - Non-Reimbursable Work,97801,,,,,24,50
200,TRUE,2023-06-22 12:09:10.169 +0530,2023-06-22 12:09:10.170 +0530,Generic Product - Alliances and Partnerships,97713,,,,,24,50
201,TRUE,2023-06-22 12:09:10.169 +0530,2023-06-22 12:09:10.170 +0530,IT Global Delivery,97723,,,,,24,50
202,TRUE,2023-06-22 12:09:10.169 +0530,2023-06-22 12:09:10.170 +0530,CWP - IT Transformation Program,68771,,,,,24,53
203,TRUE,2023-06-22 12:09:10.169 +0530,2023-06-22 12:09:10.170 +0530,CWP - IT Operational Excellence,69652,,,,,24,53
204,TRUE,2023-06-22 12:09:10.169 +0530,2023-06-22 12:09:10.170 +0530,Schedule Repair Tool,90192,,,,,24,50
205,TRUE,2023-06-22 12:09:10.169 +0530,2023-06-22 12:09:10.170 +0530,Core Ticket/EMD,88978,,,,,24,50
206,TRUE,2023-06-22 12:09:10.169 +0530,2023-06-22 12:09:10.170 +0530,Retail API Platform,84358,,,,,24,50
207,TRUE,2023-06-22 12:09:10.169 +0530,2023-06-22 12:09:10.170 +0530,Enterprise Initiatives - Retail Platform,97659,,,,,24,50
208,TRUE,2023-06-22 12:09:10.169 +0530,2023-06-22 12:09:10.170 +0530,Zulu - Trip Servicing,97681,,,,,24,50
209,TRUE,2023-06-22 12:09:10.169 +0530,2023-06-22 12:09:10.170 +0530,Inventory Sell & Cancel,98959,,,,,24,50
210,TRUE,2023-06-22 12:09:10.169 +0530,2023-06-22 12:09:10.170 +0530,Zulu - Digital Platform,97591,,,,,24,50
211,TRUE,2023-06-22 12:09:10.169 +0530,2023-06-22 12:09:10.170 +0530,FOP-Salesforce Development Chargeback,94365,,,,,24,50
212,TRUE,2023-06-22 12:09:10.169 +0530,2023-06-22 12:09:10.170 +0530,Data Engineering,97622,,,,,24,50
213,TRUE,2023-06-22 12:09:10.169 +0530,2023-06-22 12:09:10.170 +0530,West & APAC Region,97762,,,,,24,50
214,TRUE,2023-06-22 12:09:10.169 +0530,2023-06-22 12:09:10.170 +0530,Zulu - Scheduling,97673,,,,,24,50
215,TRUE,2023-06-22 12:09:10.169 +0530,2023-06-22 12:09:10.170 +0530,Flight Search,84348,,,,,24,50
216,TRUE,2023-06-22 12:09:10.169 +0530,2023-06-22 12:09:10.170 +0530,Optimize and Data Science,91510,,,,,24,50
217,TRUE,2023-06-22 12:09:10.169 +0530,2023-06-22 12:09:10.170 +0530,Zulu  - Below Wing Tools,89251,,,,,24,50
218,TRUE,2023-06-22 12:09:10.169 +0530,2023-06-22 12:09:10.170 +0530,TOC - New Fleet A321 (NEO) Pass-Through,78718,,,,,24,50
219,TRUE,2023-06-22 12:09:10.169 +0530,2023-06-22 12:09:10.170 +0530,Zulu - Loyalty Management,89307,,,,,24,50
220,TRUE,2023-06-22 12:09:10.169 +0530,2023-06-22 12:09:10.170 +0530,Enterprise Automation,85745,,,,,24,50
221,TRUE,2023-06-22 12:09:10.169 +0530,2023-06-22 12:09:10.170 +0530,IT Risk - Digital Revenue,97594,,,,,24,50
222,TRUE,2023-06-22 12:09:10.169 +0530,2023-06-22 12:09:10.170 +0530,IT Risk - Digital Trip/Day of Travel,97442,,,,,24,50
223,TRUE,2023-06-22 12:09:10.169 +0530,2023-06-22 12:09:10.170 +0530,Customer Operational Communications,84040,,,,,24,50
224,TRUE,2023-06-22 12:09:10.169 +0530,2023-06-22 12:09:10.170 +0530,Enterprise Initiatives - Customer Communications,97437,,,,,24,50
225,TRUE,2023-06-22 12:09:10.169 +0530,2023-06-22 12:09:10.170 +0530,Zulu - Enterprise Payments,89270,,,,,24,50
226,TRUE,2023-06-22 12:09:10.169 +0530,2023-06-22 12:09:10.170 +0530,Developer Workspaces,97743,,,,,24,50
227,TRUE,2023-06-22 12:09:10.169 +0530,2023-06-22 12:09:10.170 +0530,"Zulu - Digital Loyalty, Cobrand, and 3rd Party Partnerships",97587,,,,,24,50
228,TRUE,2023-06-22 12:09:10.169 +0530,2023-06-22 12:09:10.170 +0530,Operations Support,97607,,,,,24,50
229,TRUE,2023-06-22 12:09:10.169 +0530,2023-06-22 12:09:10.170 +0530,CRE - LAX Sky Way Pass-Through,90910,,,,,24,50
230,TRUE,2023-06-22 12:09:10.169 +0530,2023-06-22 12:09:10.170 +0530,CRE - LGA New Terminal Project F Concourse Pass-Through,91149,,,,,24,50
231,TRUE,2023-06-22 12:09:10.169 +0530,2023-06-22 12:09:10.170 +0530,JFK Redevelopment 2.5 CCA Building,93998,,,,,24,50
232,TRUE,2023-06-22 12:09:10.169 +0530,2023-06-22 12:09:10.170 +0530,EPIC - Enterprise Procurement Insights & Collaboration,98376,,,,,24,50
233,TRUE,2023-06-22 12:09:10.169 +0530,2023-06-22 12:09:10.170 +0530,"Generic Product - Safety, Security, and Compliance",97655,,,,,24,50
234,TRUE,2023-06-22 12:09:10.169 +0530,2023-06-22 12:09:10.170 +0530,Physical Security,89099,,,,,24,50
235,TRUE,2023-06-22 12:09:10.169 +0530,2023-06-22 12:09:10.170 +0530,CSC - Brownstone 2,80475,,,,,24,50
236,TRUE,2023-06-22 12:09:10.169 +0530,2023-06-22 12:09:10.170 +0530,Corporate Technology - Overhead Services,97658,,,,,24,50
237,TRUE,2023-06-22 12:09:10.169 +0530,2023-06-22 12:09:10.170 +0530,TPF Codeshare and Messaging,98189,,,,,24,50
238,TRUE,2023-06-22 12:09:10.169 +0530,2023-06-22 12:09:10.170 +0530,Enterprise Initiatives - TPF Operations,98184,,,,,24,50
239,TRUE,2023-06-22 12:09:10.169 +0530,2023-06-22 12:09:10.170 +0530,IT Risk - Crew,97626,,,,,24,50
240,TRUE,2023-06-22 12:09:10.169 +0530,2023-06-22 12:09:10.170 +0530,"CWP - SOA, Operational Data Governance",68713,,,,,24,53
241,TRUE,2023-06-22 12:09:10.169 +0530,2023-06-22 12:09:10.170 +0530,Zulu - Ops Management,89315,,,,,24,50
242,TRUE,2023-06-22 12:09:10.169 +0530,2023-06-22 12:09:10.170 +0530,Lynx Air 2023 Chargeback,98901,,,,,24,50
243,TRUE,2023-06-22 12:09:10.169 +0530,2023-06-22 12:09:10.170 +0530,DFP Chargeback,98895,,,,,24,50
244,TRUE,2023-06-22 12:09:10.169 +0530,2023-06-22 12:09:10.170 +0530,ACS - SEA ACC Expansion (Restart) Pass-through,95049,,,,,24,50
245,TRUE,2023-06-22 12:09:10.169 +0530,2023-06-22 12:09:10.170 +0530,CRE - MCI New Terminal Pass-through,92263,,,,,24,50
246,TRUE,2023-06-22 12:09:10.169 +0530,2023-06-22 12:09:10.170 +0530,CRE - SLC Airport Rebuild Pass-Through,90909,,,,,24,50
247,TRUE,2023-06-22 12:09:10.169 +0530,2023-06-22 12:09:10.170 +0530,CRE- Gear Turbo Fan Chargeback,94835,,,,,24,50
248,TRUE,2023-06-22 12:09:10.169 +0530,2023-06-22 12:09:10.170 +0530,Enteprise Initiatives - Network Services,97781,,,,,24,50
249,TRUE,2023-06-22 12:09:10.169 +0530,2023-06-22 12:09:10.170 +0530,CRE - ATL Campus Corp Strat Move Pass-through,95349,,,,,24,50
250,TRUE,2023-06-22 12:09:10.169 +0530,2023-06-22 12:09:10.170 +0530,JFK Redevelopment 2.5 CCB Building,93969,,,,,24,50
251,TRUE,2023-06-22 12:09:10.169 +0530,2023-06-22 12:09:10.170 +0530,ACS - BER Int Station Opening Pass-through,99039,,,,,24,50
253,TRUE,2023-06-22 12:09:10.169 +0530,2023-06-22 12:09:10.170 +0530,ACS - GVA Int Station Opening Pass-through,99043,,,,,24,50
254,TRUE,2023-06-22 12:09:10.169 +0530,2023-06-22 12:09:10.170 +0530,AIR4 DR,93037,,,,,24,50
255,TRUE,2023-06-22 12:09:10.169 +0530,2023-06-22 12:09:10.170 +0530,CWP - Network Services DNS/LB/Wi-Fi,68738,,,,,24,53
256,TRUE,2023-06-22 12:09:10.169 +0530,2023-06-22 12:09:10.170 +0530,CWP - Operational Resilience,92080,,,,,24,53
257,TRUE,2023-06-22 12:09:10.169 +0530,2023-06-22 12:09:10.170 +0530,CWP - Incident Management,68730,,,,,24,53
258,TRUE,2023-06-22 12:09:10.169 +0530,2023-06-22 12:09:10.170 +0530,IT Facilities Management,97777,,,,,24,50
259,TRUE,2023-06-22 12:09:10.169 +0530,2023-06-22 12:09:10.170 +0530,Airport Comm Rooms,97780,,,,,24,50
260,TRUE,2023-06-22 12:09:10.169 +0530,2023-06-22 12:09:10.170 +0530,CWP - Facilities,68731,,,,,24,53
261,TRUE,2023-06-22 12:09:10.169 +0530,2023-06-22 12:09:10.170 +0530,CWP - OCC Support,68733,,,,,24,53
262,TRUE,2023-06-22 12:09:10.169 +0530,2023-06-22 12:09:10.170 +0530,CWP - Infrastructure and Reliability,68723,,,,,24,53
263,TRUE,2023-06-22 12:09:10.169 +0530,2023-06-22 12:09:10.170 +0530,IT Service Desk,97776,,,,,24,50
264,TRUE,2023-06-22 12:09:10.169 +0530,2023-06-22 12:09:10.170 +0530,"CWP - ATL Campus, TechOps",68865,,,,,24,53
265,TRUE,2023-06-22 12:09:10.169 +0530,2023-06-22 12:09:10.170 +0530,"CWP - International, West Coast",68869,,,,,24,53
266,TRUE,2023-06-22 12:09:10.169 +0530,2023-06-22 12:09:10.170 +0530,IFS Summer Readiness 2023 - Pass-through Project,96807,,,,,24,50
267,TRUE,2023-06-22 12:09:10.169 +0530,2023-06-22 12:09:10.170 +0530,"CWP - ATL, Southeast, Caribbean, South America",68871,,,,,24,53
268,TRUE,2023-06-22 12:09:10.169 +0530,2023-06-22 12:09:10.170 +0530,"ATL, Southeast, Caribbean, South America",97756,,,,,24,50
269,TRUE,2023-06-22 12:09:10.169 +0530,2023-06-22 12:09:10.170 +0530,PC Refresh,97769,,,,,24,50
270,TRUE,2023-06-22 12:09:10.169 +0530,2023-06-22 12:09:10.170 +0530,"CWP - Florida, Gulf and Texas",68874,,,,,24,53
271,TRUE,2023-06-22 12:09:10.169 +0530,2023-06-22 12:09:10.170 +0530,ACS â€“ Kiosks Replacement Phase 2 - Pass-through,94448,,,,,24,50
272,TRUE,2023-06-22 12:09:10.169 +0530,2023-06-22 12:09:10.170 +0530,"Florida, Gulf and Texas",97759,,,,,24,50
273,TRUE,2023-06-22 12:09:10.169 +0530,2023-06-22 12:09:10.170 +0530,CRE - JFK Redevelopment Headhouse Terminal 4 IAT Passthrough,95078,,,,,24,50
274,TRUE,2023-06-22 12:09:10.169 +0530,2023-06-22 12:09:10.170 +0530,MSP & North Region,97764,,,,,24,50
275,TRUE,2023-06-22 12:09:10.169 +0530,2023-06-22 12:09:10.170 +0530,"CWP - BOS, JFK, LGA, Northeast",68872,,,,,24,53
276,TRUE,2023-06-22 12:09:10.169 +0530,2023-06-22 12:09:10.170 +0530,IT - DGS Non-project Chargeback,88217,,,,,24,50
277,TRUE,2023-06-22 12:09:10.169 +0530,2023-06-22 12:09:10.170 +0530,CRE-JFK Delta One Lounge - Pass-Through,95955,,,,,24,50
278,TRUE,2023-06-22 12:09:10.169 +0530,2023-06-22 12:09:10.170 +0530,IT - LGA CCD Pass-through,92905,,,,,24,50
279,TRUE,2023-06-22 12:09:10.169 +0530,2023-06-22 12:09:10.170 +0530,Airport Resiliency_2022,84407,,,,,24,50
280,TRUE,2023-06-22 12:09:10.169 +0530,2023-06-22 12:09:10.170 +0530,CRE- EWR Terminal Renovation Pass-through,94543,,,,,24,50
281,TRUE,2023-06-22 12:09:10.169 +0530,2023-06-22 12:09:10.170 +0530,CRE - JFK Delta Sky Club - Pass-Through,95953,,,,,24,50
282,TRUE,2023-06-22 12:09:10.169 +0530,2023-06-22 12:09:10.170 +0530,"Europe, Middle East, Africa and India",97758,,,,,24,50
283,TRUE,2023-06-22 12:09:10.169 +0530,2023-06-22 12:09:10.170 +0530,"CWP - Europe, Middle East, Africa",68873,,,,,24,53
284,TRUE,2023-06-22 12:09:10.169 +0530,2023-06-22 12:09:10.170 +0530,CEC/RES - 2021 Expansion and Work at Home Pass-through,92480,,,,,24,50
285,TRUE,2023-06-22 12:09:10.169 +0530,2023-06-22 12:09:10.170 +0530,Centralized Project Coordination & CUTE,97768,,,,,24,50
286,TRUE,2023-06-22 12:09:10.169 +0530,2023-06-22 12:09:10.170 +0530,CWP - ATL Equipment Logistics and Staging Center,68866,,,,,24,53
287,TRUE,2023-06-22 12:09:10.169 +0530,2023-06-22 12:09:10.170 +0530,ATL Equipment Logistics and Staging Center,97761,,,,,24,50
288,TRUE,2023-06-22 12:09:10.169 +0530,2023-06-22 12:09:10.170 +0530,CWP - Field Ops - West,68877,,,,,24,53
289,TRUE,2023-06-22 12:09:10.169 +0530,2023-06-22 12:09:10.170 +0530,CWP - Pacific Region,68882,,,,,24,53
290,TRUE,2023-06-22 12:09:10.169 +0530,2023-06-22 12:09:10.170 +0530,Great Lakes Region,97766,,,,,24,50
291,TRUE,2023-06-22 12:09:10.169 +0530,2023-06-22 12:09:10.170 +0530,CWP - Great Lakes Region,68878,,,,,24,53
292,TRUE,2023-06-22 12:09:10.169 +0530,2023-06-22 12:09:10.170 +0530,Mountain Region,97763,,,,,24,50
293,TRUE,2023-06-22 12:09:10.169 +0530,2023-06-22 12:09:10.170 +0530,CWP - Mountain Region,68879,,,,,24,53
294,TRUE,2023-06-22 12:09:10.169 +0530,2023-06-22 12:09:10.170 +0530,"CWP - MSP Campus, North Region",68880,,,,,24,53
295,TRUE,2023-06-22 12:09:10.169 +0530,2023-06-22 12:09:10.170 +0530,Radio Support,97760,,,,,24,50
296,TRUE,2023-06-22 12:09:10.169 +0530,2023-06-22 12:09:10.170 +0530,CWP - Radio Support,68875,,,,,24,53
297,TRUE,2023-06-22 12:09:10.169 +0530,2023-06-22 12:09:10.170 +0530,CWP - Capacity and Performance Management,69514,,,,,24,53
298,TRUE,2023-06-22 12:09:10.169 +0530,2023-06-22 12:09:10.170 +0530,ToddFather 2.0 Event Correlation,92711,,,,,24,50
299,TRUE,2023-06-22 12:09:10.169 +0530,2023-06-22 12:09:10.170 +0530,Channels Technology - Enterprise Initiatives,97613,,,,,24,50
300,TRUE,2023-06-22 12:09:10.169 +0530,2023-06-22 12:09:10.170 +0530,Enterprise Initiatives - IT Operations and Services,97771,,,,,24,50
301,TRUE,2023-06-22 12:09:10.169 +0530,2023-06-22 12:09:10.170 +0530,ATL/MSP Campuses Project Coordination,97767,,,,,24,50
302,TRUE,2023-06-22 12:09:10.169 +0530,2023-06-22 12:09:10.170 +0530,CWP - Campus & TOC Projects,68867,,,,,24,53
303,TRUE,2023-06-22 12:09:10.169 +0530,2023-06-22 12:09:10.170 +0530,CWP - Centralized Project Coordination,68868,,,,,24,53
304,TRUE,2023-06-22 12:09:10.169 +0530,2023-06-22 12:09:10.170 +0530,Airport Resiliency,97770,,,,,24,50
305,TRUE,2023-06-22 12:09:10.169 +0530,2023-06-22 12:09:10.170 +0530,CWP - Cloud Engineering,68742,,,,,24,53
306,TRUE,2023-06-22 12:09:10.169 +0530,2023-06-22 12:09:10.170 +0530,PaaS On-Prem,97792,,,,,24,50
307,TRUE,2023-06-22 12:09:10.169 +0530,2023-06-22 12:09:10.170 +0530,IT - Platform Services,92902,,,,,24,50
308,TRUE,2023-06-22 12:09:10.169 +0530,2023-06-22 12:09:10.170 +0530,"Revenue, Loyalty & Data Analytics - Enterprise Initiatives",97708,,,,,24,50
309,TRUE,2023-06-22 12:09:10.169 +0530,2023-06-22 12:09:10.170 +0530,CWP - Enterprise Applications and Content Management,68746,,,,,24,53
310,TRUE,2023-06-22 12:09:10.169 +0530,2023-06-22 12:09:10.170 +0530,"Cloud Migrate Platform (EC2, Middleware, Storage)",97788,,,,,24,50
311,TRUE,2023-06-22 12:09:10.169 +0530,2023-06-22 12:09:10.170 +0530,Corporate Technology - Shared Services APC,87976,,,,,24,50
312,TRUE,2023-06-22 12:09:10.169 +0530,2023-06-22 12:09:10.170 +0530,CWP - Hybrid Cloud and DevOps,72969,,,,,24,53
313,TRUE,2023-06-22 12:09:10.169 +0530,2023-06-22 12:09:10.170 +0530,Channels Technology - HW/SW_2022,85418,,,,,24,50
314,TRUE,2023-06-22 12:09:10.169 +0530,2023-06-22 12:09:10.170 +0530,"CWP - Platform, Hosting, Middleware & Database Services",68883,,,,,24,53
315,TRUE,2023-06-22 12:09:10.169 +0530,2023-06-22 12:09:10.170 +0530,CWP - Mainframe Infrastructure,68747,,,,,24,53
316,TRUE,2023-06-22 12:09:10.169 +0530,2023-06-22 12:09:10.170 +0530,Hosting (Servers and Mainframe),97790,,,,,24,50
317,TRUE,2023-06-22 12:09:10.169 +0530,2023-06-22 12:09:10.170 +0530,CWP - Middleware Services,68750,,,,,24,53
318,TRUE,2023-06-22 12:09:10.169 +0530,2023-06-22 12:09:10.170 +0530,CWP - Platform Services,77793,,,,,24,53
319,TRUE,2023-06-22 12:09:10.169 +0530,2023-06-22 12:09:10.170 +0530,CWP - Web Infrastructure,68752,,,,,24,53
320,TRUE,2023-06-22 12:09:10.169 +0530,2023-06-22 12:09:10.170 +0530,CWP - Change Management,68755,,,,,24,53
321,TRUE,2023-06-22 12:09:10.169 +0530,2023-06-22 12:09:10.170 +0530,CWP - ITAM and IT Procurement,75536,,,,,24,53
322,TRUE,2023-06-22 12:09:10.169 +0530,2023-06-22 12:09:10.170 +0530,CWP - ITSM Tools,68757,,,,,24,53
323,TRUE,2023-06-22 12:09:10.169 +0530,2023-06-22 12:09:10.170 +0530,Cloud Security,97730,,,,,24,50
324,TRUE,2023-06-22 12:09:10.169 +0530,2023-06-22 12:09:10.170 +0530,CWP - Computer Security Incident Response Team,68716,,,,,24,53
325,TRUE,2023-06-22 12:09:10.169 +0530,2023-06-22 12:09:10.170 +0530,Enterprise Initiatives - IT Security Management,97729,,,,,24,50
326,TRUE,2023-06-22 12:09:10.169 +0530,2023-06-22 12:09:10.170 +0530,Identity Management,97727,,,,,24,50
327,TRUE,2023-06-22 12:09:10.169 +0530,2023-06-22 12:09:10.170 +0530,HR - SAP Custom Program Data Consumption Utility Chargeback,92142,,,,,24,50
328,TRUE,2023-06-22 12:09:10.169 +0530,2023-06-22 12:09:10.170 +0530,"Governance, Risk and Compliance",97732,,,,,24,50
329,TRUE,2023-06-22 12:09:10.169 +0530,2023-06-22 12:09:10.170 +0530,CWP -  Information Security Governance,91481,,,,,24,53
330,TRUE,2023-06-22 12:09:10.169 +0530,2023-06-22 12:09:10.170 +0530,"CWP - Information Security Governance, Risk and Compliance",77434,,,,,24,53
331,TRUE,2023-06-22 12:09:10.169 +0530,2023-06-22 12:09:10.170 +0530,CWP - IT Risk - Second Line of Defense and Vendor Risk Management,85181,,,,,24,53
332,TRUE,2023-06-22 12:09:10.169 +0530,2023-06-22 12:09:10.170 +0530,CWP -  Network Security,86165,,,,,24,53
333,TRUE,2023-06-22 12:09:10.169 +0530,2023-06-22 12:09:10.170 +0530,"Revenue, Loyalty & Data Analytics - Shared Services APC",84412,,,,,24,50
334,TRUE,2023-06-22 12:09:10.169 +0530,2023-06-22 12:09:10.170 +0530,Enterprise Initiatives - TPF Infrastructure & Shared Services,97733,,,,,24,50
335,TRUE,2023-06-22 12:09:10.169 +0530,2023-06-22 12:09:10.170 +0530,TPF Strategy & Architecture,97737,,,,,24,50
336,TRUE,2023-06-22 12:09:10.169 +0530,2023-06-22 12:09:10.170 +0530,Enterprise Initiatives - Technology Strategy & Developer Experience,97741,,,,,24,50
337,TRUE,2023-06-22 12:09:10.169 +0530,2023-06-22 12:09:10.170 +0530,App Mod Program Delivery,97752,,,,,24,50
338,TRUE,2023-06-22 12:09:10.169 +0530,2023-06-22 12:09:10.170 +0530,CWP - DevOps CoE & Developer Practice,68708,,,,,24,53
339,TRUE,2023-06-22 12:09:10.169 +0530,2023-06-22 12:09:10.170 +0530,CWP - EQS Performance,85093,,,,,24,53
340,TRUE,2023-06-22 12:09:10.169 +0530,2023-06-22 12:09:10.170 +0530,Enterprise Strategic - Financial Document Management,89113,,,,,24,50
341,TRUE,2023-06-22 12:09:10.169 +0530,2023-06-22 12:09:10.170 +0530,TPF Application Monitoring Tools and DevOps Enhancements,92860,,,,,24,50
342,TRUE,2023-06-22 12:09:10.169 +0530,2023-06-22 12:09:10.170 +0530,CWP - CTT - Production Support,68846,,,,,24,53
345,TRUE,2023-06-22 12:09:10.169 +0530,2023-06-22 12:09:10.170 +0530,CWP - CTT - Support,70898,,,,,24,53
346,TRUE,2023-06-22 12:09:10.169 +0530,2023-06-22 12:09:10.170 +0530,Zulu - IBM SOW,89151,,,,,24,50
347,TRUE,2023-06-22 12:09:10.169 +0530,2023-06-22 12:09:10.170 +0530,Air4 - Non-Reimbursable Work_2022,89008,,,,,24,50
348,TRUE,2023-06-22 12:09:10.169 +0530,2023-06-22 12:09:10.170 +0530,Alliances and Partnerships,84424,,,,,24,50
349,TRUE,2023-06-22 12:09:10.169 +0530,2023-06-22 12:09:10.170 +0530,IT Learning & Development,97720,,,,,24,50
350,TRUE,2023-06-22 12:09:10.169 +0530,2023-06-22 12:09:10.170 +0530,Zulu For Our People,89157,,,,,24,50
351,TRUE,2023-06-22 12:09:10.169 +0530,2023-06-22 12:09:10.170 +0530,CWP - IT Performance & Analysis,68772,,,,,24,53
352,TRUE,2023-06-22 12:09:10.169 +0530,2023-06-22 12:09:10.170 +0530,CWP - Vendor Management,68775,,,,,24,53
353,TRUE,2023-06-22 12:09:10.169 +0530,2023-06-22 12:09:10.170 +0530,Zulu - Customer,97693,,,,,24,50
354,TRUE,2023-06-22 12:09:10.169 +0530,2023-06-22 12:09:10.170 +0530,Data Platform Operations,84325,,,,,24,50
355,TRUE,2023-06-22 12:09:10.169 +0530,2023-06-22 12:09:10.170 +0530,"Revenue, Loyalty & Data Analytics - Overhead Services",97709,,,,,24,50
356,TRUE,2023-06-22 12:09:10.169 +0530,2023-06-22 12:09:10.170 +0530,Zulu - Enterprise Data Services,97697,,,,,24,50
357,TRUE,2023-06-22 12:09:10.169 +0530,2023-06-22 12:09:10.170 +0530,Enterprise Initiatives - Loyalty,97699,,,,,24,50
358,TRUE,2023-06-22 12:09:10.169 +0530,2023-06-22 12:09:10.170 +0530,Network Tools,84367,,,,,24,50
359,TRUE,2023-06-22 12:09:10.169 +0530,2023-06-22 12:09:10.170 +0530,"Revenue, Loyalty & Data Analytics Overhead Services",86713,,,,,24,50
360,TRUE,2023-06-22 12:09:10.169 +0530,2023-06-22 12:09:10.170 +0530,IT Risk - Revenue Accounting_2022,84373,,,,,24,50
361,TRUE,2023-06-22 12:09:10.169 +0530,2023-06-22 12:09:10.170 +0530,Document Management,88983,,,,,24,50
362,TRUE,2023-06-22 12:09:10.169 +0530,2023-06-22 12:09:10.170 +0530,Enterprise Initiatives - Enterprise Data Services,97695,,,,,24,50
363,TRUE,2023-06-22 12:09:10.169 +0530,2023-06-22 12:09:10.170 +0530,Enterprise Strategic - Experience Servicing,84328,,,,,24,50
364,TRUE,2023-06-22 12:09:10.169 +0530,2023-06-22 12:09:10.170 +0530,Enterprise Strategic - Revenue Framework,84347,,,,,24,50
365,TRUE,2023-06-22 12:09:10.169 +0530,2023-06-22 12:09:10.170 +0530,Service Recovery Analytics and Other Apps,84334,,,,,24,50
366,TRUE,2023-06-22 12:09:10.169 +0530,2023-06-22 12:09:10.170 +0530,Inventory Tools,84364,,,,,24,50
367,TRUE,2023-06-22 12:09:10.169 +0530,2023-06-22 12:09:10.170 +0530,Enterprise Initiatives - Trip Servicing,97679,,,,,24,50
368,TRUE,2023-06-22 12:09:10.169 +0530,2023-06-22 12:09:10.170 +0530,Pricing Tools,84362,,,,,24,50
369,TRUE,2023-06-22 12:09:10.169 +0530,2023-06-22 12:09:10.170 +0530,PNR SuperClean,92834,,,,,24,50
370,TRUE,2023-06-22 12:09:10.169 +0530,2023-06-22 12:09:10.170 +0530,TPF/MVS Schedule Change,89747,,,,,24,50
371,TRUE,2023-06-22 12:09:10.169 +0530,2023-06-22 12:09:10.170 +0530,Upgrade Management,84335,,,,,24,50
372,TRUE,2023-06-22 12:09:10.169 +0530,2023-06-22 12:09:10.170 +0530,IT Risk - Search and Purchase,84103,,,,,24,50
373,TRUE,2023-06-22 12:09:10.169 +0530,2023-06-22 12:09:10.170 +0530,Zulu - Communications,89254,,,,,24,50
374,TRUE,2023-06-22 12:09:10.169 +0530,2023-06-22 12:09:10.170 +0530,Enterprise Strategic - Res Customer Engagement,84084,,,,,24,50
375,TRUE,2023-06-22 12:09:10.169 +0530,2023-06-22 12:09:10.170 +0530,"TOC-MLP, Salesforce, DMS 2022 Chargeback",95529,,,,,24,50
376,TRUE,2023-06-22 12:09:10.169 +0530,2023-06-22 12:09:10.170 +0530,"TOC - MLP, Salesforce,MRO 2022 Chargeback",95561,,,,,24,50
377,TRUE,2023-06-22 12:09:10.169 +0530,2023-06-22 12:09:10.170 +0530,Corp Services,88998,,,,,24,50
378,TRUE,2023-06-22 12:09:10.169 +0530,2023-06-22 12:09:10.170 +0530,Passenger Security,89097,,,,,24,50
379,TRUE,2023-06-22 12:09:10.169 +0530,2023-06-22 12:09:10.170 +0530,Scheduling,84148,,,,,24,50
380,TRUE,2023-06-22 12:09:10.169 +0530,2023-06-22 12:09:10.170 +0530,Operations Technology - Overhead Services,97639,,,,,24,50
381,TRUE,2023-06-22 12:09:10.169 +0530,2023-06-22 12:09:10.170 +0530,TOC-AA Authoring Process Improvement Chargeback,94511,,,,,24,50
382,TRUE,2023-06-22 12:09:10.169 +0530,2023-06-22 12:09:10.170 +0530,DMS-Tableau Reporting Automation Chargeback,94724,,,,,24,50
383,TRUE,2023-06-22 12:09:10.169 +0530,2023-06-22 12:09:10.170 +0530,CWP - Network Services Voice/Video,74926,,,,,24,53
384,TRUE,2023-06-22 12:09:10.169 +0530,2023-06-22 12:09:10.170 +0530,TOC Network Refresh Project,92903,,,,,24,50
385,TRUE,2023-06-22 12:09:10.169 +0530,2023-06-22 12:09:10.170 +0530,CWP - TCC IT Technical Operations,76659,,,,,24,53
386,TRUE,2023-06-22 12:09:10.169 +0530,2023-06-22 12:09:10.170 +0530,CWP - Management Tools Administration,68726,,,,,24,53
387,TRUE,2023-06-22 12:09:10.169 +0530,2023-06-22 12:09:10.170 +0530,I&R Program Mgmt Office,97774,,,,,24,50
388,TRUE,2023-06-22 12:09:10.169 +0530,2023-06-22 12:09:10.170 +0530,CWP - Information Security Consulting,94180,,,,,24,53
389,TRUE,2023-06-22 12:09:10.169 +0530,2023-06-22 12:09:10.170 +0530,Channels Technology - IT Risk,84422,,,,,24,50
390,TRUE,2023-06-22 12:09:10.169 +0530,2023-06-22 12:09:10.170 +0530,OCC - Zetron Console Replacement,92808,,,,,24,50
391,TRUE,2023-06-22 12:09:10.169 +0530,2023-06-22 12:09:10.170 +0530,Zulu - Product Manufacturing_2022,89317,,,,,24,50
392,TRUE,2023-06-22 12:09:10.169 +0530,2023-06-22 12:09:10.170 +0530,Delta Revenue Integrity (DRI),92448,,,,,24,50
393,TRUE,2023-06-22 12:09:10.169 +0530,2023-06-22 12:09:10.170 +0530,"Revenue, Loyalty & Data Analytics - Strategic",84414,,,,,24,50
394,TRUE,2023-06-22 12:09:10.169 +0530,2023-06-22 12:09:10.170 +0530,Zulu - Financial Document Management_2022,89276,,,,,24,50
395,TRUE,2023-06-22 12:09:10.169 +0530,2023-06-22 12:09:10.170 +0530,Cancels,84326,,,,,24,50
396,TRUE,2023-06-22 12:09:10.169 +0530,2023-06-22 12:09:10.170 +0530,Delays,84327,,,,,24,50
397,TRUE,2023-06-22 12:09:10.169 +0530,2023-06-22 12:09:10.170 +0530,CWP - CTT - Portfolio Management and Revenue Applications,68853,,,,,24,53
398,TRUE,2023-06-22 12:09:10.169 +0530,2023-06-22 12:09:10.170 +0530,"Optimization (DYMOND, Sapphire, ARO, VIPER, Reseating etc.)",84368,,,,,24,50
